Year,Area(hec),pH,Tot. N (%),Avail. P (ppm),Exch. K (ppm),Org. C (%),Fertilizers,Soil Type,ANN_Temperature,Precipitation(mm/day),Relative_humidity,ANN_ Wind Speed(m/s),Solar_radiation(MJ/m²/day),Soil wetness,Yeild(tone/hect)
2001,10982.25683,6.27,0.106,11.22,140.8,1.11,yes,Loamy-sand,32.81,1.26,47.35,4.72,21.75,0.59,2388
2005,5114.989137,6.16,0.191,11.28,347.3,1.88,yes,Sandy-clay,35.93,2.03,52.48,3.47,21.81,0.64,879.8
2005,7894.569177,5.4,0.061,10.85,306.6,0.71,yes,Red sandy-loam,34.87,3.28,65.54,3.51,22.98,0.63,1520.4
2010,5361.182751,5.68,0.092,10.98,466.2,1.15,yes,Sandy-clay,34.83,1.88,61.67,9.03,22.15,0.41,1302.6
2014,7255.211262,5.81,0.111,13.12,524.1,1.45,yes,Sandy-clay,33.96,2.66,55.44,5.46,22.83,0.52,1115.1
2015,12511.56478,5.14,0.128,7.82,315.9,1.05,yes,Brown clay,34.51,3.21,52.14,7.9,21.37,0.68,2523.4
2015,10128.11938,5.9,0.179,9.67,333.3,1.86,no,Red sandy-loam,33.99,1.41,63.31,6.84,23.13,0.44,1888.2
2000,9285.227875,5.74,0.072,7.6,298.6,1.51,yes,Red sandy-loam,34.7,3.09,56.44,7.1,22.78,0.62,2154.4
2008,7901.154776,6.36,0.173,13.03,412,1.42,yes,Red sandy-loam,35.14,1.37,60.93,3.24,23.27,0.69,1984.9
2011,5711.211083,6.66,0.068,9.18,519.5,1.56,yes,Sandy-clay,35.37,3.9,60.84,3.96,21.33,0.42,972.3
2010,10244.68999,5.95,0.178,14.18,158,1.83,yes,Loamy-sand,34.66,2.52,45.38,7.89,22.48,0.6,2413.7
2005,9602.174039,5.55,0.067,11.21,294.6,1.77,yes,Red sandy-loam,35.61,1.54,47.65,9.19,22.5,0.54,2550.7
2015,4493.739049,5.07,0.063,13.41,573.3,1.51,yes,Sandy-clay,32.71,2.09,58.85,4.16,21.88,0.57,860.1
2012,11249.77468,6.57,0.158,14.83,327.2,1.55,yes,Brown clay,33.06,2.3,48.39,4.23,22.15,0.43,2949
2002,12920.83979,6.56,0.2,13.72,114.9,0.7,yes,Loamy-sand,36.09,3.3,50.37,5.66,21.09,0.41,2456
2003,13065.02995,5.43,0.186,13.94,420.7,0.64,yes,Brown clay,33.61,3.26,64.88,9.29,22.86,0.6,3364.6
2011,8910.774602,6.18,0.141,10.26,116.2,1.3,yes,Loamy-sand,32.11,2.87,56.76,4.21,22.37,0.65,1894.8
2010,5628.421778,5.13,0.188,11.41,586,0.53,yes,Sandy-clay,32.77,1.41,60.77,5.19,21.14,0.63,763.3
2003,9495.994542,5.28,0.061,9.03,153.2,1.18,yes,Volcanic clay-loam,33.12,1.54,56.72,8.63,22.7,0.56,2183.2
2002,14783.64347,5.37,0.197,8.57,128.3,0.79,yes,Loamy-sand,36.79,1.37,56.6,2.32,22.17,0.43,2027
2009,11465.12101,5.5,0.129,11.04,473.9,0.98,yes,Brown clay,34.87,2.77,46.98,2.58,21.09,0.61,3123.2
2002,6283.913624,6.69,0.161,11.76,593.1,1.59,yes,Sandy-clay,36.66,3.64,52.22,6.59,23.42,0.47,1045.1
2014,11557.01369,6.18,0.175,9.71,184.6,1.82,yes,Loamy-sand,34.88,2.36,50.93,8.74,23.37,0.67,2323.4
2002,14341.80386,5.65,0.161,11.56,137.9,0.6,yes,Volcanic clay-loam,34.4,1.57,53.21,4,22.28,0.65,2821.7
2003,11659.59081,6.25,0.135,14.1,161.5,1.25,yes,Volcanic clay-loam,33.57,2.72,61.77,5.63,21.23,0.61,2793.8
2015,7137.22473,6.56,0.127,11.45,439.8,1.74,yes,Red sandy-loam,35.03,3.45,52.81,5.5,22.89,0.68,1628.1
2006,11601.9408,6.63,0.177,12.77,389.6,0.62,yes,Red sandy-loam,32.7,3.25,54.49,5.66,22.23,0.41,1816.5
2003,19253.76162,5.1,0.089,13.44,332.5,1.65,yes,Brown clay,36.49,3.66,53.35,6.72,21.76,0.62,5579.2
2008,14594.91325,5.67,0.196,14.91,141.1,1,yes,Loamy-sand,36.15,1.91,46.96,5.64,22.23,0.5,3333
2000,10201.8098,5.18,0.16,11.83,180.4,0.95,yes,Loamy-sand,33.59,1.66,54.26,5.48,22.31,0.67,2374.1
2007,6509.707566,5.57,0.088,13.45,285,1.87,yes,Red sandy-loam,36.76,3.65,49.11,5.67,22.41,0.48,1410
2015,10583.51171,5.29,0.163,14.7,179.8,0.78,yes,Loamy-sand,36.13,3.01,48.92,6.5,22.1,0.62,1974.5
2006,12266.99348,6.1,0.134,14.56,115.8,1.47,yes,Loamy-sand,35.33,2,46.97,6.11,22.51,0.66,3052.6
2001,11647.87969,5.66,0.159,8.13,94.7,1.65,yes,Volcanic clay-loam,32.61,3.25,52.49,8.36,23.3,0.41,2876.6
2007,10770.49262,5.39,0.167,10.25,316.4,0.56,yes,Red sandy-loam,34.39,3.46,60.91,2.65,21.91,0.52,2193.1
2000,5177.554497,5.45,0.072,9.59,332.1,1.44,yes,Sandy-clay,34.53,2.88,50.81,8.22,22.81,0.63,583.7
2010,11512.35988,5.61,0.131,7.7,433.3,1.83,yes,Red sandy-loam,33.16,3.09,51.56,8.29,23.24,0.54,3528.9
2011,5846.154582,5.44,0.19,12.07,550,0.67,yes,Sandy-clay,32.4,2.19,58.5,4.32,22.14,0.48,1067.2
2008,15667.77999,5.77,0.105,12.89,153.5,1.75,no,Volcanic clay-loam,35.88,2.66,49.11,5.59,22.11,0.47,3183.1
2008,13066.04833,5.05,0.143,13.79,485,1.33,yes,Brown clay,32.61,2.62,63.84,5.41,22.51,0.44,2823.3
2001,11361.74812,5.48,0.112,7.98,124.5,1.36,yes,Loamy-sand,34.97,3.56,55.92,3.85,22.48,0.66,1956.5
2006,14556.19524,5.7,0.124,14.01,131.4,1.36,yes,Volcanic clay-loam,36.68,3.54,54.4,5.12,23.02,0.57,3889.1
2014,9396.142265,6.02,0.137,12.14,158.8,0.92,yes,Loamy-sand,36.38,3.51,56.71,2.62,22.19,0.42,2404.2
2013,12474.35605,5.46,0.137,12.63,456.8,1.81,yes,Brown clay,33.39,1.13,48.49,4.27,23.49,0.51,3017.7
2009,20507.55392,5.23,0.088,14.28,385.3,1.83,yes,Brown clay,36.26,3.27,57.88,8.1,21.15,0.51,5947
2002,14673.84181,5.13,0.156,12,131.2,1.38,yes,Volcanic clay-loam,32,3.3,52.63,4.32,21.01,0.45,2633.4
2006,11594.24816,6.6,0.072,9.69,447.6,1.6,yes,Brown clay,32.09,3.07,63.84,8.11,22.6,0.53,2347.3
2011,5635.755245,5.71,0.079,13.6,597,1.36,yes,Sandy-clay,35.01,3.29,48.55,6.07,21.75,0.5,1409.7
2015,15361.79908,5.99,0.06,9.9,557.3,1.18,yes,Brown clay,33.82,3.54,55.65,8.55,21.6,0.5,4556.6
2009,13757.10703,6.56,0.076,7.27,146.7,1.43,yes,Loamy-sand,33.93,2.46,57.56,6.38,21.78,0.62,3368.7
2015,10206.1958,5.14,0.126,13.65,161.1,1.27,yes,Loamy-sand,34.82,2.56,45.7,2.51,21.64,0.47,1743.5
2008,9727.202455,6.49,0.145,9.76,172.3,1.34,yes,Loamy-sand,32.96,1.46,52.64,7.1,21.08,0.59,1995.5
2003,8982.28536,5.94,0.171,13.19,108.1,1.6,yes,Loamy-sand,33.06,2.22,60.39,2.62,23.43,0.57,2056.4
2011,5741.93211,5.28,0.075,9.9,569,1.17,yes,Sandy-clay,34.42,2.97,62.23,5.5,21.55,0.57,835.7
2000,10017.89946,5.7,0.179,13.89,413.5,0.56,yes,Red sandy-loam,35.77,3.36,51.58,8.9,22.84,0.6,2274.9
2001,9553.910045,6.32,0.164,8.76,126.7,0.73,yes,Volcanic clay-loam,35.1,1.73,61.77,3.47,22.91,0.56,1966.6
2000,14989.53884,5.82,0.117,14.8,140.2,1.11,no,Loamy-sand,33.49,1.5,65.32,5.07,23.32,0.66,2254.3
2015,15446.58141,6.67,0.191,13.24,388.7,1.51,yes,Brown clay,34.15,3.02,62.99,7.48,21.08,0.6,3804.8
2013,10126.46899,5.64,0.199,7.91,147.9,1.33,yes,Loamy-sand,32.85,1.11,47.47,8.56,23.18,0.56,1958.1
2011,12101.18358,6.27,0.089,11.53,327,1.41,yes,Brown clay,32.37,1.62,60.53,7.06,22.32,0.65,2581.1
2004,12955.51357,5.67,0.113,14.88,545.1,1.17,yes,Brown clay,35.91,1.18,51.71,4.13,22.58,0.58,3616.8
2004,15129.22078,6.41,0.19,10.77,108.2,1.36,yes,Loamy-sand,33.33,1.58,65.76,7.09,22.61,0.49,2717.1
2015,6497.774138,5.97,0.161,8.46,412.8,0.96,yes,Sandy-clay,32.89,1.63,55.19,4.41,23.05,0.46,1391.7
2010,16160.28407,5.11,0.067,10.88,566.5,1.16,yes,Brown clay,35.46,2.22,47.57,7.4,21.83,0.45,2916.8
2006,17508.26875,5.06,0.169,11.1,513.5,1.54,yes,Brown clay,35.09,2.27,60.23,9.07,22.83,0.67,2760.6
2008,11536.84487,5.23,0.176,12.93,130.3,1.72,yes,Loamy-sand,35.17,3.64,51.78,7.42,22.32,0.61,2276.3
2008,18208.37744,5.02,0.165,12.59,383.2,1.11,yes,Brown clay,33.14,2.58,65.94,8.43,22.98,0.68,4316.6
2002,11658.07483,5.13,0.172,10.22,316.4,0.56,yes,Brown clay,33.16,3.2,65.58,2.31,23.48,0.58,2765.5
2002,12475.46792,6.18,0.176,8.74,167.6,0.73,yes,Loamy-sand,33.1,1.4,58.78,7.39,21.5,0.54,2814
2015,9542.254423,5.91,0.086,12.16,109.4,0.53,yes,Loamy-sand,32.87,1.75,47.73,8.19,23.49,0.42,1738.2
2015,10037.28425,6.27,0.093,10.37,132.5,1.41,yes,Volcanic clay-loam,35.28,3.14,59.42,2.59,21.22,0.6,2716.2
2002,5430.7668,6.55,0.149,8.06,587.5,0.97,yes,Sandy-clay,36.24,1.25,46.95,8.49,21.01,0.57,1033.8
2003,4530.476637,5.99,0.187,14.2,352.2,1.26,no,Sandy-clay,35.62,2.51,45.62,4.12,21.11,0.7,590.8
2007,12103.90709,6.23,0.104,12.53,556.5,1.19,yes,Brown clay,35.96,2.84,62.28,7.02,21.85,0.47,3243.1
2005,5321.087914,6.29,0.142,12.47,595.6,0.61,yes,Sandy-clay,34.02,2.85,49.4,7.98,22.58,0.56,952
2007,20603.30107,5.64,0.156,13.58,331.6,1.06,yes,Brown clay,35.27,1.17,52.96,7,21.17,0.6,5756.9
2000,10467.57611,5.41,0.123,11.24,159.9,0.81,yes,Volcanic clay-loam,33.77,2.03,65.44,2.96,21.01,0.59,1998.4
2007,8523.559933,5.35,0.16,13.52,151.4,1.09,yes,Loamy-sand,34.63,2.95,52.07,6.53,23.34,0.57,1637
2003,13896.22385,5.43,0.186,10.98,186.6,0.79,yes,Loamy-sand,34.41,1.53,51.23,6.2,23.05,0.63,2897.6
2010,14209.77343,5.47,0.147,7.54,156.4,1.68,yes,Loamy-sand,32.88,3.12,64.28,8.69,23.02,0.46,2425.4
2000,5446.695556,5.35,0.136,10.24,504.7,0.74,yes,Sandy-clay,33.94,3.26,47.33,5.17,23.21,0.62,983
2007,12724.45574,6.49,0.121,10.98,133.4,1.85,yes,Volcanic clay-loam,36.82,3.95,60.95,4.58,22.75,0.59,3758.6
2003,6539.185258,6.29,0.141,12.76,560.6,1.08,yes,Sandy-clay,33.24,1.71,65.75,7.62,21.26,0.67,1567.7
2005,4373.012127,5.08,0.11,7.85,524.6,1.68,yes,Sandy-clay,32.67,3.49,63.93,5.23,22,0.65,518.2
2007,16503.33671,5.46,0.115,8.12,131.7,1.38,yes,Volcanic clay-loam,34.09,2.61,58.69,6.89,22.81,0.49,3356.2
2003,16016.10702,5.04,0.134,9.11,158.7,1.53,yes,Volcanic clay-loam,35.95,2.18,51.6,6.89,21.7,0.48,2364.6
2013,11134.97026,5.85,0.069,9.13,110.1,1.57,yes,Volcanic clay-loam,34.91,1.45,50.34,8.61,22.72,0.69,1899.6
2002,9219.375414,5.81,0.092,12.86,103.3,1.21,yes,Volcanic clay-loam,35.4,3.23,62.2,6.55,21.06,0.56,2277.2
2015,15120.74142,6.41,0.136,9.01,119.4,1.26,yes,Loamy-sand,32.95,1.78,63.48,5.87,21.77,0.67,3323.7
2013,9005.615373,5.52,0.12,12.06,306.1,1.22,yes,Red sandy-loam,35.09,2.18,56.03,3.29,22.37,0.45,2066.2
2008,9212.638221,6.39,0.107,10.95,286.7,1.32,yes,Red sandy-loam,33.62,1.28,50.13,3.12,22.58,0.59,2185.5
2002,14434.9174,6.65,0.162,11.59,163.5,0.54,yes,Volcanic clay-loam,36.17,3.42,47.37,3.4,22.44,0.64,3367.7
2008,9625.596288,5.15,0.157,13.7,259.6,1.05,yes,Red sandy-loam,35.15,3.32,46.83,3.52,22.74,0.68,1788.6
2012,11397.01466,6.35,0.083,10.24,380.6,1.35,yes,Red sandy-loam,32.99,3.23,60.1,6.83,21.02,0.5,3544.5
2001,16465.16246,6,0.183,13.17,105.8,1.34,yes,Volcanic clay-loam,32.32,1.97,53.82,7.56,21.25,0.62,4206.8
2015,10982.87424,5.82,0.129,10.38,417.9,1.61,yes,Red sandy-loam,32.21,1.6,64.01,6.06,23.17,0.56,3122.4
2013,6491.052951,5.71,0.164,9.83,587.3,1.42,yes,Sandy-clay,33.86,2.95,60.53,8.19,22.7,0.42,904.7
2001,18889.11323,6.33,0.14,14.67,440.7,1.89,yes,Brown clay,33.33,2.54,49.02,9.34,21.28,0.61,6509
2001,17700.81609,6.09,0.2,8.47,552.3,0.9,yes,Brown clay,35.23,1.62,57.89,8.12,23.11,0.61,4601.7
2005,13572.26293,6.37,0.165,7.72,91.4,1,yes,Volcanic clay-loam,34.5,3.09,54.15,7.23,21.61,0.68,2346.2
2002,9325.202543,6.54,0.159,13.17,178.8,1.04,yes,Loamy-sand,33.33,3.97,57.12,6.08,22.2,0.55,1925.2
2015,15427.39258,6.05,0.169,7.55,108.8,1.15,yes,Volcanic clay-loam,32.75,3.27,60.5,5.49,21.36,0.47,3560.5
2012,14308.60423,6.67,0.08,13.7,186.8,1.67,yes,Loamy-sand,32.64,3.25,61.93,2.9,22.78,0.41,3203
2008,17209.02083,6.03,0.089,10.5,315.3,0.83,yes,Brown clay,36.32,3.86,62.72,5.14,22.67,0.52,5209.9
2003,15499.32938,6.08,0.16,14.32,134.4,1.59,yes,Volcanic clay-loam,33.22,1.69,50.33,8.76,21.53,0.49,3135.5
2000,6545.345179,5.94,0.129,12.77,530.8,1.07,yes,Sandy-clay,35.26,2.74,45.65,8.04,23.16,0.63,1458.5
2003,7416.095543,5.15,0.166,11.88,290.8,1.34,yes,Red sandy-loam,36.05,3.94,60.53,3.83,22,0.51,1407.7
2000,10372.52012,6.23,0.074,14.59,122.4,1.39,yes,Loamy-sand,35.07,1.58,47.23,5.61,21.73,0.68,2883.6
2013,7458.781246,5.93,0.135,10.17,255.2,1.02,yes,Red sandy-loam,36.3,3.13,51.61,8.1,21.38,0.69,1565.5
2004,8337.199049,5.77,0.113,14.63,304.6,1.22,yes,Red sandy-loam,33.96,2.8,45.08,2.78,21.67,0.59,1720.2
2015,9403.912432,6.55,0.124,8.08,134.7,1.08,yes,Volcanic clay-loam,36.78,2.8,59.32,5.05,21.06,0.68,1919.6
2003,9638.570975,5.51,0.145,10.87,261.6,0.6,yes,Red sandy-loam,32.67,3.12,48.51,8.35,22.46,0.63,2022.7
2007,5411.595174,5.89,0.13,9.16,426,1.11,yes,Sandy-clay,32.51,3.8,58.76,5.17,23.11,0.56,965
2015,9840.902231,6.19,0.136,11.32,239.9,0.64,yes,Red sandy-loam,35.29,3.37,65.83,2.85,22.37,0.45,1897.2
2007,12106.09364,6.35,0.128,8.3,154.9,1.07,yes,Volcanic clay-loam,36.71,1.26,46.53,6.15,21.55,0.54,2401.5
2006,6653.809208,5.78,0.117,13.73,357.5,1.33,yes,Sandy-clay,36.04,3.57,46.62,8.42,21.08,0.57,1256.5
2002,14469.99587,6.43,0.168,13.77,391.5,1.31,yes,Brown clay,32.38,1.75,52.15,6.49,21.54,0.66,4390
2000,7707.750452,6.31,0.062,14.64,241.8,1.43,yes,Red sandy-loam,33.4,2.19,63.19,3.91,22.04,0.54,1702.9
2015,12969.09214,5.11,0.144,8.24,124.7,0.63,yes,Volcanic clay-loam,36.65,2.44,49.53,5.03,22.9,0.67,2947.5
2000,17851.74744,5.08,0.139,11.99,541.8,1.41,yes,Brown clay,33.27,2.49,52.57,5.5,21.47,0.6,4136.3
2015,14544.0314,6.06,0.16,10.79,420.9,0.94,yes,Brown clay,35.91,2.36,46.44,6.41,22.8,0.44,3114.9
2011,15143.86669,5.59,0.144,9.76,121.2,1.06,yes,Loamy-sand,36.13,3.82,61.03,7.69,23.17,0.7,3734.2
2010,4341.070776,5.36,0.176,9.81,530,1.7,yes,Sandy-clay,34.48,3.15,53.57,3,22.13,0.56,688.2
2002,8556.908571,5.99,0.194,10.3,398.9,0.51,yes,Red sandy-loam,33.93,2.93,60.94,8.62,23.05,0.52,1692.7
2005,16647.1283,5.58,0.108,12.64,104.6,1.32,yes,Volcanic clay-loam,34.25,1.24,63.98,2.39,22.39,0.6,4756.8
2006,12345.39756,5.91,0.092,11.79,174.4,1.34,yes,Loamy-sand,33.13,3.72,49.89,4.93,22.59,0.43,2440.3
2005,5724.495392,5.78,0.119,10.68,583.5,1.06,yes,Sandy-clay,36.45,3.74,61.96,2.49,22.32,0.59,1143
2013,12493.34604,5.99,0.1,7.61,120,0.83,yes,Loamy-sand,34.25,3.36,46.24,5.09,22.16,0.55,2763.2
2013,6273.328471,5.68,0.146,7.62,534.8,0.83,yes,Sandy-clay,36.41,1.12,63.88,6.03,21.59,0.52,1314.9
2005,6833.931919,6.19,0.188,7.02,517.6,1.74,yes,Sandy-clay,32.53,1.27,58.67,5.93,21.76,0.69,1584
2005,6989.524539,5.31,0.079,14.74,334.6,1.12,yes,Red sandy-loam,36.94,1.75,63.36,3.48,21.72,0.56,1351.9
2012,5100.059217,6.18,0.074,7.04,338,0.96,yes,Sandy-clay,34.22,1.48,45,6.88,22.41,0.47,936
2002,12579.91689,5.7,0.096,7.82,111.7,1.13,yes,Loamy-sand,32.24,2.26,48.55,2.62,21.3,0.54,3073.2
2005,7321.619786,6.49,0.162,9.52,557.3,1.44,yes,Sandy-clay,32.19,3.78,53.18,7.71,23.29,0.68,1748.5
2007,9334.080138,5.88,0.143,13.46,440,0.7,yes,Red sandy-loam,35.73,2.47,52.97,9.02,22.8,0.45,1943.2
2010,7588.423043,6.65,0.074,14.7,375.9,1.13,yes,Red sandy-loam,35.3,1.14,49.76,4.71,22,0.46,1348.3
2010,13294.88242,6.02,0.189,13.32,145.1,1.32,yes,Loamy-sand,36.01,1.92,53.01,5.97,21.4,0.4,3270.5
2001,18303.1241,5.38,0.171,12.52,489.8,1.83,yes,Brown clay,32.53,1.23,47.71,4.99,23.2,0.4,4574.5
2004,13487.06706,6.4,0.063,11.17,475.5,0.85,yes,Brown clay,32.18,1.21,53.67,2.35,23.06,0.65,2902.6
2013,5559.82399,5.59,0.151,7.69,427.9,1,yes,Sandy-clay,34.54,1.9,61.85,5.04,22.8,0.62,1114.8
2000,13267.75429,5.59,0.168,14.67,96.1,1.03,yes,Volcanic clay-loam,33.94,1.9,55.06,7.92,21.68,0.51,2566.6
2011,5987.620286,5.05,0.112,13.07,548.7,1.35,yes,Sandy-clay,34.31,3.38,45.38,6.53,22.01,0.61,1083.4
2014,11205.25022,5.93,0.07,12.11,138.5,1,yes,Loamy-sand,36.96,3.93,53.85,3.02,21.26,0.52,2255.3
2015,10542.97326,5.91,0.071,13.07,178.7,1.25,yes,Loamy-sand,36.85,2.18,45.57,8.31,21.47,0.69,2459.9
2000,9119.891188,5.61,0.075,12.79,127.7,1.59,yes,Loamy-sand,36.71,2.34,65.29,6.07,22.96,0.69,2301.1
2004,8785.094137,6.52,0.178,12.1,105.1,1.49,yes,Loamy-sand,35.92,3.55,47.68,8.28,22.79,0.52,2454
2011,15301.49878,5.22,0.187,14.84,119.3,1.12,yes,Loamy-sand,33.77,1.88,59.86,6.42,22.48,0.66,3338.4
2012,10874.57298,5.56,0.077,14.23,333.6,1.71,yes,Red sandy-loam,34.06,1.55,65.43,6.27,23.24,0.63,2959.7
2015,14607.08983,5.55,0.093,12.17,570,1.28,yes,Brown clay,34.75,3.57,62.35,3.05,22.46,0.49,5074.4
2002,15288.96637,5.16,0.083,12.55,114.2,1.26,yes,Loamy-sand,36.15,1.23,59.69,3.49,22.17,0.47,3255.6
2003,14378.80525,5.82,0.086,7.41,157.6,0.55,yes,Volcanic clay-loam,32.34,2.9,62.63,9.2,21.85,0.54,3389.1
2002,12863.66341,6.17,0.177,12.36,132.1,1.88,yes,Volcanic clay-loam,34.12,2.73,65.62,3.92,23.35,0.63,2871.9
2015,12945.60013,5.87,0.107,7.35,155.4,0.67,yes,Volcanic clay-loam,32.41,2.1,58.05,9.24,21.21,0.69,2917
2000,9749.618407,5.27,0.104,11.71,114.3,0.82,yes,Volcanic clay-loam,34.57,2.01,56.74,6.08,23.33,0.63,1696.6
2015,6795.202395,5.64,0.092,14.99,409.3,0.57,yes,Red sandy-loam,36.49,3.34,58.19,3.26,23.07,0.66,1319
2000,13799.03922,5,0.145,11.45,151.3,1.4,yes,Volcanic clay-loam,35.91,1.35,56.19,3.01,21.32,0.58,3747.1
2011,12386.66198,6.48,0.113,10.79,125.7,0.81,yes,Loamy-sand,33.14,1.79,58.34,3.78,22.41,0.65,2794.5
2011,4965.820422,5.14,0.164,9.5,358.2,0.75,no,Sandy-clay,36.88,3.22,54.45,8.87,23.17,0.64,535.6
2013,16480.31743,6.02,0.089,7.96,158.7,0.62,yes,Volcanic clay-loam,35.34,2.69,49.59,5.24,22.43,0.51,4504.5
2012,10518.99867,6.68,0.17,12.85,434.5,0.64,yes,Red sandy-loam,32.05,1.47,47.53,5.11,23.27,0.57,2158.4
2013,6912.708851,5.91,0.145,8.54,244.4,1.32,yes,Red sandy-loam,33.28,3.66,46.44,4.52,23.36,0.64,1748
2004,16361.24702,6.57,0.076,7.92,148,1.46,yes,Volcanic clay-loam,33.3,2.24,50.53,3.34,22.06,0.41,2369.9
2005,7707.293551,5.4,0.118,10.37,573,1.06,no,Sandy-clay,32.35,3.5,45.97,5.76,21.94,0.64,1451.9
2002,16868.26369,6.29,0.181,13.36,157.9,1.17,yes,Volcanic clay-loam,36.8,3.38,56.91,3.22,23.34,0.45,3759
2011,6601.704235,5.9,0.189,12.96,434.8,1.46,yes,Red sandy-loam,34.39,2.91,50.96,8.23,22.69,0.55,1644.2
2008,18275.54135,6.22,0.125,7.44,520.2,0.52,yes,Brown clay,36.48,2.53,62.32,4.93,21.29,0.64,6413.7
2004,12330.59355,5.11,0.127,10.64,144.8,0.95,yes,Loamy-sand,33.61,3.94,46.56,4.96,21.11,0.48,3197.7
2007,10111.49001,5.25,0.189,11.18,301.6,1.86,yes,Red sandy-loam,32.63,1.52,49.75,5.67,22.41,0.47,1719.1
2012,16655.48516,5.23,0.142,12.16,116,1.31,yes,Volcanic clay-loam,34.37,3.2,60.34,5.45,23.33,0.52,2669.8
2000,13353.81607,6.17,0.065,12.2,170.2,0.86,yes,Loamy-sand,32.57,1.65,57.57,9.36,23.11,0.67,3581.5
2013,15628.31822,6.44,0.188,9.92,149.2,1.23,yes,Volcanic clay-loam,34.43,2.08,46.35,6.17,22.69,0.4,3866.7
2004,15861.5759,6.27,0.095,11.49,106.6,0.98,no,Volcanic clay-loam,36.6,2,63.42,2.93,21.35,0.67,2809.3
2014,19249.41533,5.05,0.141,10.85,549.4,1.25,yes,Brown clay,34.6,3.85,63.42,6.61,21.64,0.45,4970.5
2002,11467.85862,6.47,0.083,14.08,169.3,0.68,yes,Loamy-sand,35.08,3.91,51.94,3.38,23.19,0.7,2452.5
2011,10002.55021,5.6,0.065,11.24,155.6,0.69,yes,Loamy-sand,32.78,1.63,52.15,2.52,21.46,0.69,2413.7
2000,15007.85538,5.68,0.104,10.53,442.3,0.7,no,Brown clay,32.22,1.16,65.77,9.19,21.7,0.55,3245.6
2003,11116.24331,5.18,0.169,10.24,348.8,1.82,yes,Red sandy-loam,32.55,3.19,58.15,7.79,21.32,0.55,2448.5
2014,10243.51761,6.25,0.099,11.58,103.4,1.53,yes,Volcanic clay-loam,34.99,2.31,56.16,9.26,22.69,0.54,2258.4
2012,6047.974207,5.31,0.091,13.43,378.2,0.73,yes,Sandy-clay,32.48,1.36,62.6,5.69,23.36,0.59,1202.6
2004,10919.17896,5.96,0.09,11.31,98.1,0.76,yes,Volcanic clay-loam,33.88,3.08,50.99,6.08,21.67,0.43,2777.6
2015,13634.18225,6.43,0.132,12.29,103,1.52,yes,Volcanic clay-loam,34.75,2.68,54.01,3.5,22.19,0.41,3695.8
2006,10960.94802,5.15,0.197,12.9,330.6,0.72,yes,Red sandy-loam,33.94,3.94,50.62,4.05,22.59,0.42,1583.8
2000,15966.80776,5.91,0.124,11.16,132.4,0.83,yes,Volcanic clay-loam,32.82,1.76,61.57,8.25,23.5,0.53,4616.5
2015,13472.17786,5.4,0.138,10.41,319.8,1.85,yes,Brown clay,33.37,2.27,57.04,4.83,21.26,0.48,3346.9
2002,19913.85958,5.58,0.18,14.01,530.1,0.86,yes,Brown clay,36.64,2.67,58.84,8.17,22.25,0.59,5833.8
2015,12661.59892,5.81,0.135,10.34,131.5,1.43,yes,Loamy-sand,35.38,3.4,50.3,7.33,21.96,0.7,2863.3
2001,5460.785688,5.6,0.086,10.7,573.7,1.87,yes,Sandy-clay,34.48,2.69,49.62,3.56,23.16,0.52,1192.1
2008,14623.81333,6.1,0.102,14.92,166.5,1.02,yes,Volcanic clay-loam,32.06,2.88,55.26,5.9,22.19,0.57,3618.7
2009,12857.00251,5.82,0.103,7,105.5,0.52,yes,Volcanic clay-loam,36.96,1.76,60.49,7.11,21.28,0.52,1703.4
2014,8341.132987,5.99,0.116,8.48,332.3,0.84,yes,Red sandy-loam,35.36,3.56,56.03,3.97,22.59,0.65,1914.7
2005,17968.8099,6.25,0.12,10.07,315.3,1.66,yes,Brown clay,33.58,2.34,45.69,8.2,22.93,0.67,6493
2009,5095.406956,5.95,0.172,14.46,487.1,1.71,yes,Sandy-clay,36.4,1.51,63.24,6.17,21.01,0.66,1134.6
2002,10777.81821,6,0.109,7.56,159.7,1.58,yes,Loamy-sand,33.29,3.03,46.36,3.47,23.15,0.69,2259.1
2007,15370.73771,5.96,0.126,7.08,381.8,0.66,yes,Brown clay,34.72,1.73,65.07,6.44,21.47,0.41,4373.3
2013,10226.51165,5.64,0.147,7.42,155.3,1.61,yes,Loamy-sand,35.18,1.38,45.53,9.4,22.38,0.65,2800.5
2007,8488.091269,5.57,0.113,7.71,284,1.79,yes,Red sandy-loam,33.11,3.6,59.58,3.37,22.04,0.63,2108.1
2001,9385.954336,6.53,0.177,7.3,270.8,1.34,yes,Red sandy-loam,36.89,2.43,46.73,8.1,22.8,0.47,1758.9
2015,14879.59612,6.03,0.142,10.84,141.8,1.82,yes,Volcanic clay-loam,35.74,3.27,64.12,3.77,21.93,0.69,3705.2
2014,6961.901471,5.42,0.101,11.65,412,1.66,yes,Sandy-clay,34.79,1.94,54.75,7.85,23.17,0.44,1179.3
2005,14324.09053,5.85,0.16,9.17,158.1,1.43,yes,Loamy-sand,32.9,3.38,47.89,7.52,22.83,0.6,3699.8
2014,19042.94951,6.04,0.073,12.13,518.1,1.39,no,Brown clay,33.22,2.31,52.36,7.97,22.99,0.46,4323.7
2002,10903.75607,5.43,0.144,10.29,342.6,0.78,yes,Red sandy-loam,34.11,2.6,61.23,5.91,22.19,0.56,2381.6
2005,20204.46622,5.98,0.108,10.92,401.6,0.8,yes,Brown clay,36.19,1.34,61.87,3.95,21.33,0.67,3918
2002,9763.807192,5.61,0.188,10.32,137.5,0.56,yes,Volcanic clay-loam,36.39,3.96,48.22,8.3,21.59,0.64,2345.5
2013,8382.227,6.4,0.117,7.19,441.1,0.95,no,Red sandy-loam,33.22,3.03,52.7,7.46,23.33,0.42,1247.2
2012,11881.93493,6.4,0.08,9.68,432.5,1.28,yes,Brown clay,34.75,1.93,52.84,9.26,23.15,0.61,3573.3
2000,13223.61377,5.81,0.16,8.42,563.6,1.7,yes,Brown clay,32.96,2.8,48.18,3.41,22.77,0.57,3368.6
2013,13401.91146,5.6,0.101,7.79,408.2,1.43,yes,Brown clay,32.51,1.42,61.77,3.9,22.21,0.67,4560.5
2012,8833.17894,5.62,0.134,14.65,249.2,1.11,yes,Red sandy-loam,36.56,3.9,59.85,3.8,22.3,0.44,1687.1
2015,10333.64761,6.37,0.158,11.79,123.4,1.83,yes,Loamy-sand,36.1,1.61,49,7.93,23.44,0.56,1736.1
2011,6845.281777,5.56,0.186,12.83,323.4,1.51,no,Red sandy-loam,35.8,2.98,52.7,3.63,23.41,0.66,1108.4
2004,4802.967921,5.36,0.171,9.52,382.6,1.8,yes,Sandy-clay,32.24,1.81,47.22,2.77,21.54,0.52,823
2009,7095.288043,5.14,0.155,10.15,238,1.24,yes,Red sandy-loam,36.22,3.18,58.19,9.39,23.03,0.54,1562.5
2013,20541.53726,5.79,0.155,8.9,562.1,0.86,yes,Brown clay,34.19,3.35,47.55,2.48,21.49,0.42,4487.5
2012,15022.48155,5.82,0.192,7.78,156.8,0.57,yes,Volcanic clay-loam,33.71,3.05,65.7,8.23,21.53,0.48,2792.4
2010,11525.91191,6.43,0.101,8.43,389.4,1.52,yes,Red sandy-loam,34.73,2.88,61.39,4.89,22.69,0.5,2949
2003,8674.598627,5.38,0.06,13.38,272.2,0.67,yes,Red sandy-loam,32.46,3.69,53.2,8.28,22.01,0.68,1178.3
2006,13872.33742,5.65,0.098,12.42,347.5,0.92,yes,Brown clay,35.78,1.33,57.15,6.24,23.33,0.48,3615
2005,15326.68694,6.37,0.091,11.38,96.3,1.25,yes,Volcanic clay-loam,34.91,2.06,64.14,8.7,21.22,0.54,3647.4
2009,11644.78056,6.4,0.153,10.8,147.5,1.29,yes,Volcanic clay-loam,32.93,1.82,56.64,8.88,22.28,0.6,2927
2006,5277.780145,5.65,0.149,14.38,578.4,1.34,yes,Sandy-clay,32.94,3.97,48.66,2.36,23.3,0.45,952.8
2004,7555.532358,5.78,0.143,7.58,325.8,0.73,no,Red sandy-loam,32.92,2.23,52.95,2.84,23.26,0.55,1086
2014,10111.49603,5.52,0.062,9.24,100.3,1.03,yes,Volcanic clay-loam,32.29,3.22,62.71,4.08,21.39,0.62,2517.1
2014,11100.41188,6.59,0.162,9.8,131,1.36,yes,Volcanic clay-loam,34.94,3.09,58.53,7.05,21.92,0.66,1991.7
2003,10958.30219,5.2,0.105,13.26,136.4,1.86,yes,Loamy-sand,36.2,1.72,58.67,8.61,22.55,0.59,1824.2
2015,13252.7583,6.59,0.153,14.94,138.7,1.52,yes,Loamy-sand,32.09,1.79,63.2,5.57,21.4,0.6,3198
2006,9588.005769,6.16,0.138,8.93,139.5,1.79,yes,Volcanic clay-loam,32.25,1.92,63.77,6.61,23.42,0.44,2611.6
2006,4957.824983,5.9,0.108,13.99,520.4,1.57,yes,Sandy-clay,34.86,2.29,64.32,3.64,23.29,0.68,1254.6
2005,15410.38439,5.06,0.079,13.64,99.6,1.33,yes,Volcanic clay-loam,36.1,1.78,46.99,8.02,21.42,0.44,3609.8
2007,12610.45047,5.81,0.073,8.8,324.6,0.77,yes,Brown clay,33.63,1.16,56.43,9.17,21.3,0.63,2719.1
2003,8150.283791,5.69,0.176,10.19,440.8,1.43,yes,Red sandy-loam,33.75,3.65,60.55,4.21,21.21,0.48,1857.9
2009,7312.772119,5.27,0.189,10.28,386.2,1.37,no,Sandy-clay,34.98,3.9,60.9,5.81,23.27,0.68,823.6
2004,12687.28299,6.12,0.151,14.83,329.5,1.34,yes,Brown clay,33.37,2.09,57.74,2.91,21.48,0.62,2752.1
2003,4497.852608,6.65,0.074,8.45,374.4,1.19,yes,Sandy-clay,32.13,2.08,48.5,6.27,22.04,0.63,701.9
2011,15851.56475,5.96,0.116,13.39,325.5,1.24,yes,Brown clay,35.68,1.12,61.75,5.87,22.12,0.47,4960.1
2000,7933.065361,6.22,0.162,9.67,317.9,0.97,yes,Red sandy-loam,35.13,3.07,60.12,3.33,22.5,0.53,1770.6
2011,9342.405168,5.12,0.169,12.85,401.7,1.23,yes,Red sandy-loam,34.9,3.49,46.81,5.44,21.18,0.59,1362.4
2007,14187.39521,5.71,0.077,10.36,135.7,0.78,yes,Loamy-sand,35.71,1.53,54.74,4.67,21.57,0.63,2924.1
2000,12516.62549,5.2,0.06,11.63,434.9,1.63,no,Brown clay,35.38,1.56,48.65,6,23.33,0.43,2429.7
2004,12581.03341,6.04,0.16,13.66,165.8,0.76,yes,Loamy-sand,33.03,3.39,52.09,6.46,23.27,0.69,2108.9
2014,16052.8841,6.6,0.11,13.43,452.4,0.62,yes,Brown clay,33.76,2.89,45.38,2.36,22.95,0.67,3964
2005,9437.367259,6.13,0.096,13.93,182.5,1.11,yes,Loamy-sand,32.63,1.23,53.41,7.7,21.05,0.48,2092.4
2005,9669.591822,5.13,0.062,7.48,414.7,1.42,yes,Red sandy-loam,32.65,2.91,56.55,7.36,21.82,0.65,1444.6
2012,5185.105504,5.6,0.136,12.54,324.7,1.11,yes,Sandy-clay,35.38,2,58.01,4.9,22.57,0.56,814.8
2004,11912.40709,5.94,0.179,8.12,175,0.89,no,Loamy-sand,36.29,2.17,58.93,2.68,21.69,0.54,2594.7
2015,11989.81431,5.69,0.194,10.33,439.4,1.28,yes,Brown clay,36.81,3.33,62.56,7.66,23.27,0.49,3152.4
2002,15612.00695,6.42,0.139,11.39,582,0.99,yes,Brown clay,35.14,3.45,49.52,9.08,22.58,0.57,4900
2014,7954.902727,6.38,0.132,10.22,336.6,1.81,yes,Red sandy-loam,32.92,2.26,47.53,4.01,21.18,0.62,2232
2004,19094.85963,6.04,0.072,11.16,581.5,1.79,yes,Brown clay,32.53,3.85,62.88,4.6,23.27,0.52,6293
2011,9544.434071,5.63,0.137,14.97,149.9,1.2,yes,Volcanic clay-loam,36.06,2.28,48.29,3.61,23.39,0.59,2141.7
2007,5706.98619,5.43,0.113,8.08,390.6,0.96,yes,Sandy-clay,34.89,3.34,65.47,6.4,21.19,0.61,552.5
2013,11700.70625,5.18,0.145,12.4,153.5,1.53,yes,Loamy-sand,35.09,2.5,62.69,3.4,22.33,0.61,2488.6
2001,6810.021875,5.6,0.114,10.17,595.8,0.55,no,Sandy-clay,35.91,3.7,55.52,4.83,21.76,0.42,1416.1
2015,9401.152905,5.7,0.094,8.06,412.9,1.16,yes,Red sandy-loam,35.52,3.73,65.61,7.25,21.98,0.66,2050
2005,13203.92883,6.15,0.073,8.27,113.8,0.97,yes,Loamy-sand,36.17,1.35,47.04,6.28,21.45,0.54,2152.3
2008,13994.75486,6.12,0.104,14.59,168.6,1.79,yes,Loamy-sand,32.28,3.82,51.36,5.04,22.45,0.48,3126
2007,15825.18319,5.12,0.074,14.04,118,0.52,yes,Volcanic clay-loam,35.74,3.49,58.4,5.28,23.39,0.47,2937.9
2013,7994.927682,5.67,0.085,14.26,239.4,1.27,yes,Red sandy-loam,36.25,3.39,52.35,6.29,22.26,0.54,1507.8
2010,16365.01797,5.31,0.198,14.93,423.9,1.54,yes,Brown clay,33.43,1.68,64.5,2.34,21.21,0.67,2381.9
2007,15652.84301,5.27,0.122,8.67,109.3,1.18,yes,Volcanic clay-loam,35.2,3.43,46.38,2.86,22.55,0.51,3162.8
2007,16817.71882,6.41,0.134,9.84,154.9,0.62,yes,Volcanic clay-loam,33.57,3.57,56.54,8.56,21.85,0.62,3398.2
2014,7402.26952,5.07,0.182,12.35,415.1,1.86,yes,Sandy-clay,36.79,1.94,57.41,2.85,23.14,0.43,1682.3
2012,5537.282145,5.71,0.199,10.87,550.4,1.23,yes,Sandy-clay,32.17,3.86,58.71,7.32,22.09,0.54,1114.8
2006,4902.599462,5.29,0.142,10.35,322.2,1.36,yes,Sandy-clay,34.9,1.24,50.37,8.83,21.48,0.7,900.5
2007,12917.26179,6.49,0.174,9.86,115,0.83,yes,Volcanic clay-loam,32.83,1.53,52.66,4.22,21.48,0.63,2959.6
2012,18319.75794,5.95,0.106,11.75,380.1,1.18,yes,Brown clay,35.56,2.66,62.72,4.93,22.92,0.46,5092.3
2005,11946.49731,5.39,0.103,11.6,126,1.1,yes,Loamy-sand,32.88,2.77,49.09,6.34,21.66,0.55,1700.5
2001,5939.451108,5.85,0.116,8.29,340.8,0.6,yes,Sandy-clay,33.18,2.97,62.36,8.56,22.92,0.47,938.6
2001,19247.01204,6.24,0.154,10.77,365.5,0.65,yes,Brown clay,34.47,1.15,56.82,8.99,21.51,0.52,5787.5
2007,8251.580407,6.63,0.156,11.43,351.3,1.67,yes,Red sandy-loam,36.57,3.89,61.01,7.55,21.8,0.63,1667.4
2010,7295.260829,5.37,0.104,11.56,402.4,0.84,yes,Sandy-clay,33.06,1.23,59.99,2.92,22.16,0.63,1105.1
2000,11328.99457,6.51,0.079,8.68,142.6,0.77,yes,Loamy-sand,32.72,1.51,49.36,7.05,23.36,0.47,2302.3
2005,8072.458771,6.59,0.149,12.94,314.9,1.21,yes,Red sandy-loam,35.79,1.14,56.95,5.21,23.33,0.68,1633.6
2012,8751.54552,6.56,0.078,7.2,416.7,1.58,yes,Red sandy-loam,34.5,2.74,63.22,5.64,21.52,0.58,2221.4
2015,13889.6181,6.08,0.141,9.84,186.5,0.59,no,Loamy-sand,36.56,3.8,54.07,2.65,21.9,0.51,2536.3
2005,4653.6073,6.07,0.157,13.24,458.1,1.31,yes,Sandy-clay,32.73,3.03,65.3,3.66,21.37,0.55,798
2015,10632.06988,5.69,0.158,11.51,116.8,0.67,yes,Volcanic clay-loam,35.23,3.49,54.5,7.91,22.27,0.58,2396
2010,15250.40274,6.28,0.165,9.09,114.6,0.55,yes,Loamy-sand,33.16,1.14,48,5.52,22.15,0.57,3585.7
2003,9663.539717,5.9,0.182,12.56,190.8,0.57,yes,Loamy-sand,32.78,2.67,53.18,4.44,23.25,0.55,2394.7
2011,12487.63669,6.15,0.13,11.54,110.4,1.67,yes,Loamy-sand,35.42,2.43,64.99,5.03,23.33,0.55,2384.9
2010,9428.29812,5.73,0.162,13.37,298.7,0.67,yes,Red sandy-loam,34.97,2.55,51.71,8.37,21.96,0.45,2036.1
2012,15900.39484,6.24,0.147,12.88,395.5,0.56,yes,Brown clay,35.77,1.31,63.23,7.62,22.23,0.64,3557.8
2014,14129.01294,6.4,0.086,11.88,116,1.11,yes,Volcanic clay-loam,33.55,3.08,63.51,4.23,23.24,0.56,3124.3
2010,5027.376213,5.25,0.064,10.91,367.3,1.68,yes,Sandy-clay,34.24,2.56,52.35,3.13,23.02,0.44,1001.5
2015,6189.584164,6.42,0.1,8.07,538.2,0.87,yes,Sandy-clay,34.03,3.32,46.75,4.09,21.01,0.63,1309.8
2012,14772.86325,5.92,0.122,9.09,348.1,1.09,yes,Brown clay,36.92,2.51,60.22,8.84,21.8,0.68,3642.2
2009,13164.00427,6.44,0.146,10.35,162.1,0.56,yes,Loamy-sand,33.46,1.53,51.54,6.43,22.05,0.68,2780.8
2002,10201.54364,5.73,0.179,11.79,100.7,1.13,yes,Volcanic clay-loam,33.47,2.98,61.44,6.09,21.57,0.51,2271
2012,6255.158701,5.64,0.087,11.11,341.5,1.31,no,Sandy-clay,33.77,1.6,54.3,6.53,21.5,0.44,1512.9
2010,4866.973279,6.56,0.078,9.31,573,1.3,no,Sandy-clay,34.82,3.63,55.19,4.9,21.09,0.56,713.5
2002,10406.23005,5.43,0.195,7.05,122.1,0.97,yes,Loamy-sand,33.26,2.88,61.34,8.03,22.61,0.43,1721.1
2014,13299.61408,6.44,0.075,10.97,536.7,0.94,yes,Brown clay,36.58,1.56,53.03,6.02,21.66,0.68,4221.7
2014,10526.13468,5.82,0.127,9.29,133.5,0.65,yes,Volcanic clay-loam,33.33,3.89,54.31,3.13,21.13,0.46,2878.8
2015,19126.82513,5.87,0.142,12.88,336,1.01,no,Brown clay,36.48,2.6,52.9,3.22,21.58,0.48,5506.9
2012,13942.79265,5.52,0.136,7.19,573,0.64,yes,Brown clay,32.52,1.31,52.71,6.11,23,0.52,4711.3
2012,16331.5655,5.97,0.072,11.68,110.3,1.57,yes,Volcanic clay-loam,35.28,2.92,56.04,8.95,23.13,0.51,4479.9
2000,16665.4269,5.55,0.068,14.53,158.1,1.85,yes,Volcanic clay-loam,36.53,1.83,61.98,4.49,22.21,0.64,4102.8
2002,6256.537692,5.07,0.075,8.4,368.6,1.86,yes,Sandy-clay,32.84,3.43,52.6,8.47,22.04,0.54,1088.2
2003,4714.804042,5.46,0.142,10.77,557.7,1.71,yes,Sandy-clay,36.84,3.47,56.01,7.73,23.44,0.45,796.8
2010,12021.4763,5.01,0.136,7.73,92,1.34,yes,Volcanic clay-loam,34.26,3.94,59.09,4.06,21.5,0.48,2347.3
2010,10607.75422,6.66,0.093,12.01,342.4,1.48,yes,Red sandy-loam,36.73,2.56,50.66,2.56,21.54,0.55,2433.8
2004,5522.606623,6.64,0.149,11.4,534.4,0.9,yes,Sandy-clay,35.38,2.42,50.83,3.02,21.73,0.44,901.7
2002,6769.892979,5.67,0.175,10.26,428.7,1.38,yes,Red sandy-loam,33.51,3.29,64.6,7.47,21.43,0.58,1713.5
2005,13442.92231,6.24,0.066,11.17,161.9,1.14,yes,Volcanic clay-loam,32.94,1.48,60.19,3.72,21.95,0.57,3533.8
2010,7242.435065,5.59,0.13,14.17,548.2,1.17,yes,Sandy-clay,33.52,2.69,57.12,4.94,23.28,0.61,1214.9
2013,18840.89332,6.14,0.157,8.57,554.8,1.56,yes,Brown clay,32.47,2.68,58.6,5.86,22.54,0.68,4154.5
2014,10465.96049,6.37,0.095,7.18,106.5,0.89,yes,Volcanic clay-loam,32.72,1.36,45.62,7.45,22.03,0.67,2027.1
2011,13243.90522,6.61,0.103,13.89,130.6,0.95,yes,Loamy-sand,32.52,2.31,57.98,3.1,23.34,0.68,2357.4
2015,7490.723023,5.68,0.146,11.62,296.9,1.79,yes,Red sandy-loam,34.11,3.57,55.7,5.19,21.12,0.47,1775.4
2004,10802.01877,6.33,0.186,14.13,120.4,0.58,no,Volcanic clay-loam,35.98,3.58,56.46,5.74,21.53,0.44,1775.1
2002,15917.75983,5.45,0.173,11.78,121.7,1.18,yes,Volcanic clay-loam,32.71,1.39,52.55,6.14,22.41,0.49,3637
2005,5098.80823,6.68,0.142,13.48,472.3,1.78,yes,Sandy-clay,32.65,1.36,46.71,8.11,22.54,0.67,835.3
2005,5147.690447,5.04,0.162,10.44,366.1,1.35,yes,Sandy-clay,35.22,1.86,49.06,3.52,21.1,0.69,915.1
2014,4202.352207,6.03,0.111,13,512.8,1.26,no,Sandy-clay,32.99,3.64,64.97,8.04,22.01,0.66,698.2
2013,14668.81705,6.12,0.15,14.3,120.1,0.85,yes,Loamy-sand,32.49,1.47,53.58,7.22,22.62,0.43,4071.3
2007,7053.341328,6.17,0.125,11.58,407.6,0.98,yes,Sandy-clay,32.83,3.19,54.8,6.25,22.75,0.68,1180.1
2001,13993.16569,5.2,0.087,8.45,130.3,1.69,yes,Volcanic clay-loam,36.62,1.39,46.11,7.27,22.6,0.53,4039.2
2000,6900.95675,6.6,0.158,9.15,541.8,1.28,yes,Sandy-clay,36.11,2.91,45.79,5.23,21.8,0.4,1060
2015,12659.66625,5.31,0.138,8.59,514.7,1.22,yes,Brown clay,33.77,2.13,60.06,3.28,21.23,0.53,2328.9
2003,5849.964941,6.06,0.11,8.97,500.2,0.64,yes,Sandy-clay,35.28,3.39,56.3,7.03,22.07,0.41,1059.2
2015,10928.77959,5.38,0.188,9.45,119,0.52,yes,Loamy-sand,34.69,1.78,55.68,6.03,21.32,0.56,3115.4
2006,12100.25465,5.52,0.063,11.44,462.7,1.85,yes,Brown clay,35.39,2.95,50.11,6.84,23.37,0.5,3950.1
2014,12891.81778,5.93,0.104,11.7,97.8,1.03,yes,Volcanic clay-loam,35.41,1.78,60.64,4.7,22.19,0.54,3323.3
2015,16281.76927,5.71,0.068,10.41,120.4,1.34,yes,Volcanic clay-loam,35.14,3.17,48.53,8.74,21.79,0.58,4422.6
2010,6516.319243,5.27,0.167,11.92,322.4,0.61,yes,Red sandy-loam,33.33,3.63,48.99,6.47,22.92,0.66,996.2
2009,13998.02477,5.29,0.158,7.65,325.7,1.46,yes,Brown clay,32.2,1.47,54.67,2.91,22.24,0.6,3528.3
2002,7420.721056,5.71,0.106,7.7,293.9,1.81,yes,Red sandy-loam,34.28,3.61,51.01,5.49,21.78,0.53,1732.7
2002,13486.20788,6.29,0.155,8.37,573,1.31,yes,Brown clay,36.45,2.82,50.2,7.67,23.03,0.65,4664.4
2015,19920.9717,6.53,0.115,11.14,572.5,0.68,yes,Brown clay,34.85,1.47,58.55,7.94,23.17,0.67,4333.2
2004,11770.09719,5.14,0.166,8.71,136.7,1.31,yes,Loamy-sand,36.16,2.34,58.67,5.81,22.68,0.44,2196.2
2004,8818.01683,5.67,0.124,9.27,246.8,1.57,no,Red sandy-loam,36.96,1.57,62.31,8.65,21.12,0.56,1337.8
2012,13876.14463,5.17,0.118,10.2,121.1,1.07,yes,Loamy-sand,32.82,3.13,53.77,4.2,22.42,0.49,2750.4
2009,12683.12516,5.03,0.191,13.49,420.9,1.73,yes,Brown clay,35.46,3.3,46.53,5.22,22.91,0.41,3261.1
2002,12900.66976,6.12,0.095,7.11,164.9,1.41,yes,Volcanic clay-loam,35.37,1.41,50.75,8.68,21.34,0.6,2676
2008,15327.85806,6.02,0.077,12.2,353.1,1.76,yes,Brown clay,36.9,2.57,65.58,8.66,21.57,0.66,4711.7
2003,12697.75697,5.28,0.142,12.35,173.7,1.37,yes,Loamy-sand,36.93,3.46,57.52,7.17,23.21,0.45,2628.9
2012,11697.6116,5.4,0.196,13.39,260.2,0.68,yes,Red sandy-loam,35.43,3.81,59.9,8.4,21.05,0.64,2429.4
2012,10455.02403,5.04,0.113,14.46,438.2,0.93,yes,Red sandy-loam,33.22,2.59,45.15,2.93,22.88,0.66,2282.6
2014,11264.63306,6.42,0.069,7.16,139.3,0.78,yes,Loamy-sand,35.99,3.86,55.88,8.44,22.18,0.67,2526.3
2002,10768.78648,6.66,0.108,8.23,396.1,1.77,yes,Red sandy-loam,32.54,2.65,45.79,4.58,22.12,0.48,1793.7
2010,4814.550108,5.23,0.131,14.09,416.6,1.56,yes,Sandy-clay,35.9,2.24,56.95,3.57,21.02,0.67,731.5
2001,9337.616753,5.39,0.083,10.67,140,1.45,yes,Volcanic clay-loam,36.55,3.56,64.34,4,23.05,0.5,2511.8
2009,10694.69731,6.48,0.152,11.52,106,0.92,yes,Volcanic clay-loam,33.91,2.53,65.34,5.27,21.9,0.57,2574.1
2012,11755.21014,6.57,0.2,12.3,102.4,0.76,yes,Volcanic clay-loam,35.15,2.47,56.35,4.08,22.35,0.42,2989
2010,9057.13609,5.71,0.123,12.43,429.4,1.56,yes,Red sandy-loam,34.15,2.52,54.62,4.58,22.69,0.41,2199.8
2008,9621.697359,5.09,0.11,14.45,425.2,1.16,no,Red sandy-loam,34.19,3.56,64.85,3.26,22.76,0.62,1683.8
2003,19941.81489,5.07,0.116,14.98,554.6,0.82,no,Brown clay,33.55,3.51,59.15,4.4,23.39,0.53,4370.9
2015,16094.59849,5.98,0.076,12.76,483.9,1.36,yes,Brown clay,35.81,2.27,46.36,6.36,22.33,0.48,3758.6
2002,13009.95003,5.67,0.184,9.3,154,0.56,yes,Volcanic clay-loam,36.68,2.07,54.78,5.44,22,0.46,3078.7
2006,4380.874835,5.05,0.118,14.04,341.1,0.96,yes,Sandy-clay,36.7,2.53,50.05,4.76,23.38,0.6,573.3
2007,11535.15091,5.99,0.114,7.39,405.4,1.16,yes,Brown clay,32.87,2.76,54.87,7.6,22.61,0.4,3036.2
2010,16491.13563,5.02,0.152,8.85,399.7,0.71,yes,Brown clay,36.37,1.79,54.56,8.64,21.75,0.64,4061.8
2013,8666.164512,6.34,0.122,14.18,367.7,1.88,yes,Red sandy-loam,35.69,3.4,57.23,7.67,21.32,0.42,1769.6
2001,7221.049422,5.52,0.151,9.05,420.2,0.79,yes,Sandy-clay,33.26,2.51,52.49,4.66,23.11,0.46,1480.2
2006,10353.30076,5.07,0.069,8.77,102.6,0.68,yes,Volcanic clay-loam,32.34,2.07,48.45,7.59,21.91,0.52,1507
2011,11439.72796,6,0.174,8.11,476,0.78,yes,Brown clay,33.34,1.41,55.58,3.38,22.65,0.55,3504.3
2004,5816.539565,5.68,0.192,13.87,546.8,1.58,yes,Sandy-clay,36.56,1.79,62.43,3.23,22.18,0.51,1091.1
2014,5054.922804,6.66,0.151,11,427.5,1.1,yes,Sandy-clay,35.17,3.85,58.94,4.75,21.5,0.5,702.1
2010,9486.992112,5.93,0.194,12.4,101.3,1.29,yes,Volcanic clay-loam,35.61,1.98,52.11,8.03,22.5,0.69,1867.1
2004,6808.553833,5.47,0.081,8.91,376.3,0.53,yes,Sandy-clay,33.29,1.59,64.65,4.05,21.15,0.59,962.6
2002,4601.7348,6.21,0.127,13.06,387.5,0.55,yes,Sandy-clay,35.6,2.44,64.16,2.75,22.03,0.41,614.9
2004,6389.9502,5.46,0.144,13.08,404.8,1.12,yes,Sandy-clay,32.14,1.99,49.4,3.24,22.37,0.53,972.2
2011,13898.0776,6.54,0.141,9.5,488.6,1.64,yes,Brown clay,33.88,1.2,45.83,8.4,22.09,0.66,3964.6
2001,10453.26919,5.64,0.116,10.29,137.9,1.74,yes,Volcanic clay-loam,35.13,2.04,60.57,6.8,22.87,0.49,2601.2
2003,5567.105483,5.93,0.107,8.68,514.1,0.62,yes,Sandy-clay,32.73,2.68,62.38,4.1,23.07,0.43,861.4
2005,7085.204794,5.09,0.078,14.81,422.1,1.25,yes,Sandy-clay,36.12,2.7,65.33,6.24,22.93,0.63,1241.7
2000,14964.09834,5.72,0.115,12.16,537.5,1.78,yes,Brown clay,33.18,2.13,63.69,6.05,21.1,0.58,4431.2
2009,14956.00326,6.42,0.083,14.48,106.9,1.04,yes,Volcanic clay-loam,35.26,2.4,57.61,6.95,21.49,0.57,4527.1
2003,6977.626003,6.37,0.163,9.43,333.7,1.66,yes,Red sandy-loam,34.03,3.9,56.13,3.96,22.34,0.42,1771.2
2005,18618.60563,5.38,0.089,13.26,531.3,0.69,yes,Brown clay,34.98,2.19,45.58,8.44,23.34,0.44,4343.5
2008,10948.07993,5.38,0.068,13.13,105.1,1.81,yes,Volcanic clay-loam,32.54,1.85,50.18,4.5,23.09,0.59,2716.4
2013,6638.615268,6.39,0.137,12.53,352.3,1.55,yes,Sandy-clay,32.08,1.81,54.65,7.23,23.11,0.46,1336.4
2010,13513.09613,6.58,0.143,14.73,159.9,1.82,no,Volcanic clay-loam,36.55,2.43,58.2,2.41,21.76,0.55,2381.6
2015,16347.32879,5.16,0.182,10.15,117.7,1.45,yes,Volcanic clay-loam,33.35,3.3,56.7,4.95,22.07,0.56,4341.6
2010,12121.11564,5.77,0.141,8.05,144.3,1.01,yes,Volcanic clay-loam,36.1,1.7,60.6,4.8,22.18,0.49,2223.4
2012,6657.29202,5.57,0.108,12.37,243.2,1.81,yes,Red sandy-loam,37,3.16,50.88,6.16,21.39,0.68,1747.3
2001,9249.412787,6.48,0.172,12.83,144.8,0.89,yes,Volcanic clay-loam,33.06,1.16,56.86,2.82,21.08,0.65,2135.2
2010,10765.03623,5.14,0.136,11.6,302.5,0.97,yes,Red sandy-loam,33.33,2.31,46.85,7.91,23.37,0.62,1872.6
2006,6089.048296,5.36,0.071,8.65,337.4,1.48,yes,Sandy-clay,35.31,3.35,53.69,3.85,21.6,0.42,962.6
2005,10486.31788,6.28,0.139,11.04,362.4,1.57,yes,Red sandy-loam,36.83,2.08,60.75,7.11,21.6,0.43,2440.7
2001,5043.93216,5.09,0.187,9.5,388.5,1.8,yes,Sandy-clay,36.58,2.73,59.56,8,21.21,0.55,893.9
2007,5442.301484,5.84,0.115,10.42,428.8,0.79,yes,Sandy-clay,34.51,1.69,65.8,6.29,23.32,0.45,972.5
2006,6462.56091,5.75,0.101,12.16,254.4,1.62,yes,Red sandy-loam,35.98,3.25,50.84,7.56,22.45,0.69,1345.2
2010,20430.32632,5.57,0.08,12.96,354.7,1.53,yes,Brown clay,32.68,1.25,55.46,7,22.67,0.45,4344
2004,13208.64893,5.67,0.081,8.86,131.8,0.59,yes,Loamy-sand,36.89,3.57,51.92,4.82,23.28,0.55,2563.9
2011,16378.99968,5.9,0.121,10.24,98,1.04,yes,Volcanic clay-loam,36.82,1.67,54.25,8.04,21.86,0.51,3623.4
2004,10311.57413,5.27,0.143,9.15,187,0.9,yes,Loamy-sand,32.82,3.64,63,4.39,22.55,0.59,2013.1
2006,13869.41617,5.97,0.071,8.59,91.5,0.93,yes,Volcanic clay-loam,33.5,2.12,59.37,6.36,21.1,0.44,4164.3
2008,14392.29975,6.37,0.192,13.27,128.7,1.88,yes,Volcanic clay-loam,32.5,3.2,63.53,7.59,21.47,0.53,3427.2
2010,5343.178921,6.29,0.166,14.27,356,1.4,yes,Sandy-clay,33.36,2.03,49.27,4.99,23.08,0.48,931.4
2014,15715.25203,5.26,0.142,9.96,115,1.5,yes,Volcanic clay-loam,36.08,3.73,63.34,4.45,22.92,0.67,2959.1
2008,16487.85941,5.25,0.176,13.01,163.2,1.87,yes,Volcanic clay-loam,33.89,1.47,46.26,5.56,21.88,0.41,3702.2
2008,11078.21764,5.46,0.071,14.18,271,1.03,yes,Red sandy-loam,32.44,1.62,63.66,8.11,21.94,0.67,2232
2005,13721.28223,5.61,0.127,13.77,191.9,1.62,yes,Loamy-sand,33.71,2.53,51.91,8.9,22.33,0.65,3617.5
2009,7798.309271,5.69,0.148,8.46,280,1.11,yes,Red sandy-loam,36.91,1.34,51.61,6.17,21,0.49,1893.8
2005,11296.60513,6.16,0.176,14.65,148.8,1.72,yes,Volcanic clay-loam,35.15,1.67,55.75,7,21.6,0.64,3237.3
2002,7668.097154,5.1,0.17,10.01,472.9,0.75,yes,Sandy-clay,34.08,3.84,64.75,8.71,21.52,0.41,1174.7
2000,6355.536278,5.06,0.099,9.71,418.4,1.83,yes,Red sandy-loam,32.83,3.93,46,3,21.63,0.69,1654.8
2015,10166.66986,5.67,0.192,7.5,351,0.81,yes,Red sandy-loam,36.93,2.19,52.4,3.95,23.01,0.56,2041.2
2006,17979.96316,6.19,0.077,10.89,459.3,0.96,yes,Brown clay,36.1,3.78,62.99,7.33,21.7,0.49,4899.5
2003,13956.97842,5.33,0.183,7.87,106.2,1.56,yes,Volcanic clay-loam,33.41,2.68,53.32,8.15,21.48,0.51,3571.1
2000,7764.391846,6.09,0.196,8.99,367.9,1.05,yes,Sandy-clay,32.35,1.88,49.18,8.38,22.26,0.42,1633
2014,7984.148953,5.44,0.085,9.54,425,1.35,yes,Red sandy-loam,32.28,3.14,53.92,5.25,23.16,0.7,978.7
2007,8135.848064,6.51,0.161,13.47,304.9,1.12,yes,Red sandy-loam,32.6,3.01,53.1,2.93,21.6,0.41,1510.6
2011,4484.181851,6.52,0.066,14,424.7,1.54,yes,Sandy-clay,34.9,3.97,64.22,5.41,21.2,0.6,884.7
2005,12553.82547,5.51,0.117,9.42,150.3,0.82,yes,Volcanic clay-loam,36.64,1.87,61,3.94,21.89,0.53,2366
2005,13706.06585,5.39,0.132,13.87,406.5,0.58,yes,Brown clay,34.48,3.05,55.61,4.37,22.87,0.68,3391
2001,8154.288192,5.7,0.141,13.86,432.2,0.92,yes,Red sandy-loam,36.21,1.25,65.76,7.78,22.38,0.47,1839.2
2014,19211.88919,5.41,0.191,13.12,514.2,1.16,yes,Brown clay,34.23,1.43,54.77,2.84,23.04,0.56,5325.8
2000,15135.4885,6.14,0.154,8.17,158.8,0.74,yes,Loamy-sand,35.54,1.11,46.22,8.18,23.4,0.54,3005.6
2012,10548.71796,6.4,0.127,12.52,159.7,1,yes,Volcanic clay-loam,35.66,4,50.51,5.34,22.98,0.61,2848.4
2013,11082.06431,6.14,0.173,14.56,109.5,1.06,yes,Loamy-sand,32.87,3.43,54.16,6.53,22.51,0.42,2579.8
2013,15086.14005,6.4,0.193,12.46,128.1,0.58,yes,Loamy-sand,33.81,3.38,48.29,2.94,22.23,0.46,4108.1
2001,8845.020917,5.67,0.063,9.65,146.9,1.32,yes,Loamy-sand,35.19,2.58,64.9,4.7,21.1,0.46,2844
2003,9820.412119,5.27,0.198,11,108.7,1.74,yes,Volcanic clay-loam,32.35,1.97,61.1,2.94,23.46,0.62,2627.7
2001,10369.76972,6.25,0.072,12.17,149,0.71,yes,Volcanic clay-loam,33.81,1.54,50.63,9.13,21.96,0.46,2551
2015,6342.766203,5.61,0.174,11.08,575.7,1.34,yes,Sandy-clay,34.67,1.93,57.41,8.03,21.38,0.57,1670.9
2000,12644.5338,6.14,0.099,7.96,429.4,1.43,yes,Brown clay,36.98,2.19,60.15,5.56,22.67,0.46,3843.4
2006,20493.53326,5.46,0.079,9.5,407.4,1.09,yes,Brown clay,34.37,3.29,64.77,3.89,21.71,0.66,4039.9
2010,5808.172298,5.14,0.122,13.42,587.4,1.48,yes,Sandy-clay,36.08,2.67,63.51,8.93,22.46,0.68,998.7
2010,6005.464657,6.69,0.15,13.89,444.8,1.08,yes,Sandy-clay,34.16,1.32,55.82,4.75,22.47,0.56,1122.1
2014,10175.94203,5.27,0.113,8.1,149,1.21,yes,Loamy-sand,35.98,1.15,61.27,3.44,22.11,0.51,2264.8
2011,5895.456909,6.68,0.068,14.62,419.1,0.51,yes,Sandy-clay,34.98,1.4,56.81,6.3,23.09,0.47,744.6
2007,9874.333616,6.66,0.144,9.63,423.5,1.47,yes,Red sandy-loam,36.43,2.29,56.61,9,21.66,0.41,1572.4
2005,18411.30051,6.35,0.186,12.3,468.6,1.43,yes,Brown clay,34.05,3.81,47.41,2.33,22.12,0.48,4943.9
2003,6913.925098,6.12,0.114,13.01,532.4,0.55,yes,Sandy-clay,35.02,2.95,47.65,3.99,22.34,0.6,1379.8
2013,9420.612009,5.98,0.09,13.5,403.6,1.02,yes,Red sandy-loam,35.15,3.43,56.12,8.96,22.66,0.56,2222.5
2005,11183.54278,6.47,0.122,14.57,307.7,1.87,yes,Red sandy-loam,34.09,2.45,50.65,3.51,22.96,0.68,2672.6
2002,10714.00238,5.49,0.067,9.5,326.5,1.09,yes,Red sandy-loam,32.72,2.15,45.44,3.1,21.99,0.52,1713.3
2011,10388.05982,5.8,0.175,13.87,411.1,1.2,yes,Red sandy-loam,32.47,1.41,60.18,6.35,22.62,0.61,2826.7
2007,8800.359756,6.05,0.176,8.05,137.7,1.77,yes,Loamy-sand,32.08,3.64,45.68,8.42,21.38,0.55,1851.6
2009,6337.140996,5.7,0.142,12.64,400,1.5,yes,Red sandy-loam,36.37,3.37,57.5,5.69,23.33,0.55,1683.6
2013,9929.620396,5.73,0.109,12.94,189.7,1.31,yes,Loamy-sand,33.18,1.59,56.32,9.36,21.96,0.48,2550.1
2012,13177.36988,5.56,0.172,12.42,161.1,1.62,yes,Loamy-sand,33.06,2.59,65.35,7.12,22.82,0.54,3703.3
2012,8520.46644,5.96,0.138,9.02,389.3,1.71,yes,Red sandy-loam,35.68,2.51,55.17,2.83,21.05,0.54,1856.5
2001,15063.10009,6.45,0.176,13.98,532.4,1.14,yes,Brown clay,33.6,2.91,46.34,9.35,21.51,0.61,4036.9
2004,11076.7692,5.34,0.148,8.35,410.4,1.17,yes,Red sandy-loam,34.53,3.84,56.59,5.2,22.22,0.68,2083.4
2000,11136.03938,6.59,0.17,7.43,318.6,1.04,yes,Red sandy-loam,32.81,2.78,62.66,4.34,23.2,0.5,1890
2005,11209.54643,6.17,0.144,12.74,248.5,1.85,yes,Red sandy-loam,36.8,2.67,65.93,6.26,22.32,0.41,2702.1
2001,14213.22953,6.4,0.118,10.8,423.5,1.48,yes,Brown clay,36.26,1.25,54.04,4.46,23.32,0.55,4859.7
2003,14490.23534,5.95,0.194,13.79,143.6,0.62,yes,Volcanic clay-loam,36.32,1.28,51.73,2.91,22.21,0.56,2683.1
2005,11218.73881,6.33,0.136,10.07,126.1,1.71,yes,Volcanic clay-loam,34.03,1.64,64.04,2.31,22.23,0.45,2610.1
2009,9772.390798,5.03,0.145,8.35,172.4,1.17,yes,Loamy-sand,35.81,1.19,49.02,5.49,21.3,0.63,1677.3
2010,9729.353693,6.39,0.091,13.69,137.1,0.6,yes,Loamy-sand,32.72,3.26,57.92,8.24,23.01,0.7,2083.7
2007,14484.23316,5.07,0.148,11.39,486.4,1.27,yes,Brown clay,32.04,3.2,53.52,6.36,21.62,0.68,3335.8
2011,5747.847431,6.51,0.14,8.51,373.5,1.08,yes,Sandy-clay,32.1,1.49,45.86,9.39,23.25,0.46,1075.6
2007,15581.40353,6.69,0.086,12.76,149.5,1.73,yes,Volcanic clay-loam,34.93,3.52,52.29,4.34,23.28,0.66,3392.3
2010,9263.215873,5.5,0.068,11.09,154.1,0.79,yes,Loamy-sand,34.28,1.55,50.57,4.29,23.36,0.61,2140.4
2005,14832.42161,5.36,0.145,11.83,106.9,1.66,no,Volcanic clay-loam,34.59,1.97,59.41,3.43,22.3,0.54,2806.2
2003,16301.96718,6.3,0.167,10.69,393.8,1.28,yes,Brown clay,32.04,1.82,64.92,3.46,22.69,0.56,4668.9
2007,13964.27529,5.43,0.133,13.63,517.1,0.58,yes,Brown clay,34.11,2.18,50.63,4.32,22.95,0.65,3430.1
2012,5974.150504,6.47,0.092,13.64,455.2,1.86,yes,Sandy-clay,35.59,1.84,62.04,7.93,21.33,0.54,1241.2
2007,5279.791451,5.17,0.153,12.68,381.6,1.22,yes,Sandy-clay,34.21,2.52,46.16,8.73,22.5,0.51,1125.1
2009,16922.38677,5.21,0.071,7.84,576.2,0.91,yes,Brown clay,35.66,2.28,56.3,9.22,21.09,0.55,5453.8
2013,11523.67624,6.66,0.122,13.71,169.4,1.16,yes,Loamy-sand,33.17,3.96,46.48,3.95,22.24,0.57,2510
2000,10382.36313,6.15,0.083,12.37,165.7,1.7,yes,Volcanic clay-loam,36.07,1.26,64.61,8.56,21.39,0.46,2716.3
2015,6929.548603,6.44,0.086,12.58,325.1,0.93,no,Red sandy-loam,34.94,1.51,61.09,4.63,21.46,0.67,1343.5
2003,6168.104455,5.55,0.088,9.9,453.1,0.77,no,Sandy-clay,33.05,1.25,58.82,3.1,21.91,0.6,772.9
2003,11173.03038,6.15,0.114,14.03,421.2,0.68,yes,Red sandy-loam,33.18,2.91,62.3,8.48,22.08,0.59,2390.6
2006,10876.49534,6.01,0.067,12.8,152.3,0.92,yes,Loamy-sand,35.14,1.26,58.6,6.82,22.56,0.43,2191.6
2015,6838.800386,6.03,0.116,7.9,517.2,1.59,yes,Sandy-clay,36.15,3.53,65.35,3.47,21.19,0.58,1501.1
2013,9856.771317,6.16,0.132,10.26,289.4,1.16,yes,Red sandy-loam,34.08,2.58,59.99,5.35,22.26,0.44,1945
2013,15107.19538,5.98,0.128,14.09,145.2,0.82,yes,Loamy-sand,33.29,2.63,64.42,4.34,21.46,0.42,3193.1
2010,15503.65193,5.73,0.114,7.38,100.6,0.73,yes,Volcanic clay-loam,36.34,2.73,55.86,7.53,22.43,0.56,2617.8
2006,12479.55786,5.47,0.177,14.69,123.5,0.97,no,Loamy-sand,35.35,1.6,47.46,5.52,22.59,0.52,1497.5
2015,6565.309794,6.31,0.08,12.43,322.3,1.82,yes,Sandy-clay,34.24,1.67,56.09,9.32,22.39,0.58,1443.4
2012,19824.51008,5.38,0.131,12.05,325.6,0.98,yes,Brown clay,34.44,2.02,47.66,2.69,22.85,0.43,3886.1
2010,12216.24652,6.18,0.069,9.16,167.2,1.88,yes,Volcanic clay-loam,33.02,2.82,57.44,4.82,21.84,0.53,3586.2
2014,8064.691412,5.4,0.07,8.99,287.4,1.18,yes,Red sandy-loam,35.13,1.71,55.13,5.72,22.91,0.45,1274.3
2007,4238.919901,6.06,0.14,14.54,505.1,0.75,yes,Sandy-clay,33.79,1.44,58.07,5.87,22.08,0.7,853.4
2015,19134.89031,6.27,0.139,9.39,541.6,1.75,yes,Brown clay,36.98,3.91,45.21,4.54,22.21,0.57,5004.8
2010,14167.06104,5.37,0.183,13.2,154.6,1.14,yes,Loamy-sand,34.4,1.16,49.09,7.48,22.62,0.61,2937
2004,12202.76337,5.1,0.138,10.14,356.3,1.49,yes,Brown clay,34.43,3.43,55.32,8.51,21.05,0.5,2232.8
2006,6276.686572,5.22,0.194,8.11,523,1.88,yes,Sandy-clay,34.83,3.39,64.96,8.96,22.63,0.43,1051.4
2007,5870.334113,6.03,0.067,7.09,487.7,0.57,yes,Sandy-clay,36.58,1.96,53.06,8.02,22.55,0.69,955
2015,12339.60732,6.44,0.074,11.35,512.4,0.64,yes,Brown clay,36,1.49,53.91,8.34,21.77,0.49,3612.1
2014,15460.09123,5.08,0.066,14.81,174.3,1.51,yes,Loamy-sand,34.26,1.52,60.01,6.21,21.21,0.53,3354.8
2008,13261.08052,6.25,0.086,9.95,578.4,0.89,yes,Brown clay,35.59,3.12,57.68,8.16,21.23,0.59,2920.8
2002,4442.043048,5.58,0.136,9.86,480.3,0.76,yes,Sandy-clay,34.93,2.96,51.28,4.45,23.31,0.41,816.5
2002,6341.450566,5.81,0.15,9.75,416.3,0.56,yes,Sandy-clay,34.46,3.37,53.63,5.13,22.72,0.64,1043
2003,10289.88006,6.58,0.066,11.16,370.3,0.53,no,Red sandy-loam,32.96,3.82,49.57,4.55,21.32,0.56,1762.2
2004,6475.194609,5.56,0.192,10.53,252,1.58,yes,Red sandy-loam,34.32,3.11,65.29,5.62,21.89,0.48,1725.7
2009,14237.99758,5.79,0.178,14.04,161,0.69,yes,Volcanic clay-loam,33.23,1.55,47.74,4.33,22.48,0.42,2592.5
2000,6116.250753,5.02,0.102,11.04,354.9,1.15,yes,Sandy-clay,36.57,1.81,52.81,9.13,23.09,0.45,1160.7
2014,6857.631048,5.14,0.071,11.06,304.9,1.35,yes,Red sandy-loam,33.68,3.54,45.54,4.52,21.11,0.67,1132.2
2014,12856.22922,5.44,0.084,8.11,535.3,1.1,yes,Brown clay,36.76,1.71,49.66,3,21.59,0.61,2853.2
2006,12489.41494,5.05,0.078,14.86,158.8,0.54,yes,Loamy-sand,34.67,1.31,61.39,6.04,23.22,0.47,2303.1
2008,14045.03309,6.07,0.077,9,421.3,1.6,yes,Brown clay,35.16,3.14,49.22,2.71,21.02,0.42,4973.7
2007,15155.87325,5.72,0.133,7.59,147.6,0.51,yes,Loamy-sand,34.71,2.27,46.68,3.08,21.5,0.61,2780.2
2014,10721.19724,5.93,0.094,12.31,412.3,1.57,yes,Red sandy-loam,32.65,3.77,54.96,3.86,23.4,0.57,2714.4
2014,16771.82421,5.3,0.11,11.76,117.5,1.75,yes,Volcanic clay-loam,33.88,2.99,45.21,5.6,22.53,0.52,2991.3
2004,13692.84005,5.5,0.199,10.32,549.8,1.11,yes,Brown clay,32.5,1.36,46.78,5.38,21.65,0.51,3094.6
2013,20509.34687,6.13,0.156,10.38,338.8,1.25,yes,Brown clay,35.11,3.85,61.96,7.98,21.17,0.47,5690.2
2013,15339.84515,6.64,0.193,13.28,524.7,1.17,yes,Brown clay,34.23,1.85,61.2,7.55,21.07,0.6,3587.4
2003,10902.13533,5.09,0.08,8.57,181.3,1.04,yes,Loamy-sand,35.89,2.08,64.22,5.33,21.61,0.69,1133.7
2011,6571.887446,6.51,0.113,13.56,275.1,1.74,yes,Red sandy-loam,33.1,2.27,62.94,4.67,23.2,0.45,1523.9
2006,11706.54648,5.98,0.138,12.19,431.2,1.75,yes,Brown clay,32.82,1.25,59.35,4.55,22.04,0.58,2457.3
2004,17843.30806,5.96,0.071,10.35,359.7,0.97,yes,Brown clay,34.03,2.54,46.1,7.8,22.8,0.53,4696.4
2006,12671.84616,5.85,0.061,10.66,146.1,1.36,yes,Volcanic clay-loam,36.63,1.46,61.44,2.67,23.3,0.53,3670.8
2011,10866.86868,5.12,0.154,9.05,132.8,1.8,yes,Volcanic clay-loam,35.55,2.26,62.76,2.39,22.02,0.48,3161.7
